title,price,closing_date,result,no_views,no_watchers,no_comments,no_bids,seller_state,year,series,miles,engine,trans,exterior,url
1987 Toyota Land Cruiser FJ60,19000,2022-03-22,sold,9829,684,24,22,georgia,1987,fj60,342000,2F,manual,red,https://bringatrailer.com/listing/1987-toyota-land-cruiser-fj60-109/
1987 Toyota Land Cruiser FJ60 4-Speed,50750,2022-03-19,reserve not met,7258,544,46,35,washington,1987,fj60,77000,2F,manual,beige,https://bringatrailer.com/listing/1987-toyota-land-cruiser-fj60-107/
1989 Toyota Land Cruiser FJ62,22500,2022-03-19,sold,9009,625,39,23,florida,1989,fj62,205000,3F-E,automatic,beige,https://bringatrailer.com/listing/1989-toyota-land-cruiser-fj62-132/
No Reserve: 1988 Toyota Land Cruiser FJ62,13250,2022-03-16,sold,9178,635,17,44,maryland,1988,fj62,228000,3F-E,automatic,beige,https://bringatrailer.com/listing/1988-toyota-land-cruiser-fj62-93/
No Reserve: 1984 Toyota Land Cruiser FJ60,33000,2022-03-14,sold,9178,580,36,15,new mexico,1984,fj60,103000,2F,manual,brown,https://bringatrailer.com/listing/1984-toyota-land-cruiser-fj60-73/
1986 Toyota Land Cruiser FJ60,24250,2022-03-11,reserve not met,9616,703,25,33,arkansas,1986,fj60,178000,2F,manual,blue,https://bringatrailer.com/listing/1986-toyota-land-cruiser-fj60-46/
1988 Toyota Land Cruiser FJ62,19000,2022-03-09,reserve not met,9598,607,31,10,california,1988,fj62,210000,3F-E,automatic,blue,https://bringatrailer.com/listing/1988-toyota-land-cruiser-fj62-91/
1984 Toyota Land Cruiser FJ60,22750,2022-03-07,sold,5702,485,26,28,alabama,1984,fj60,118000,2F,manual,brown,https://bringatrailer.com/listing/1984-toyota-land-cruiser-fj60-68/
1985 Toyota Land Cruiser BJ60 Diesel 5-Speed,48500,2022-03-06,sold,10101,754,35,47,north carolina,1985,bj60,58000,3B,manual,gray,https://bringatrailer.com/listing/1985-toyota-land-cruiser-fj60-106/
1990 Toyota Land Cruiser FJ62,35000,2022-02-24,sold,11179,680,68,33,oregon,1990,fj62,176000,3F-E,automatic,beige,https://bringatrailer.com/listing/1990-toyota-land-cruiser-fj62-54/
1982 Toyota Land Cruiser FJ60,27000,2022-02-22,sold,9449,614,34,20,california,1982,fj60,241000,2F,manual,brown,https://bringatrailer.com/listing/1982-toyota-land-cruiser-fj60-11/
Cummins-Powered 1983 Toyota Land Cruiser FJ60 4-Speed,43500,2022-02-20,sold,25445,1305,91,37,california,1983,fj60,164000,Other(Swapped),manual,tan,https://bringatrailer.com/listing/1983-toyota-land-cruiser-fj60-40/
LS3-Powered 1989 Toyota Land Cruiser FJ62,100000,2022-02-19,sold,16356,839,46,40,north carolina,1989,fj62,6000,Other(Swapped),automatic,gray,https://bringatrailer.com/listing/1989-toyota-land-cruiser-fj62-125/
No Reserve: 1988 Toyota Land Cruiser FJ62,34250,2022-02-18,sold,8357,606,30,27,indiana,1988,fj62,262000,3F-E,automatic,gold,https://bringatrailer.com/listing/1988-toyota-land-cruiser-fj62-88/
Modified 1981 Toyota Land Cruiser FJ60 5-Speed,23250,2022-02-18,reserve not met,13885,762,63,10,arizona,1981,fj60,59000,Other(Swapped),manual,gray,https://bringatrailer.com/listing/1981-toyota-land-cruiser-fj60-7/
1988 Toyota Land Cruiser FJ62,36000,2022-02-17,sold,10735,724,41,27,texas,1988,fj62,201000,3F-E,automatic,white,https://bringatrailer.com/listing/1988-toyota-land-cruiser-fj62-90/
TLC 4×4-Modified 1989 Toyota Land Cruiser FJ62,97000,2022-02-11,sold,19337,829,65,37,north carolina,1989,fj62,246000,3F-E,automatic,white,https://bringatrailer.com/listing/1989-toyota-land-cruiser-fj62-130/
1989 Toyota Land Cruiser FJ62,13500,2022-02-11,sold,8738,538,24,34,california,1989,fj62,391000,3F-E,automatic,beige,https://bringatrailer.com/listing/1989-toyota-land-cruiser-fj62-122/
1988 Toyota Land Cruiser FJ62,56000,2022-02-10,sold,8791,665,47,47,arizona,1988,fj62,136000,3F-E,automatic,blue,https://bringatrailer.com/listing/1988-toyota-land-cruiser-fj62-89/
1984 Toyota Land Cruiser FJ60,21000,2022-02-09,sold,9186,676,22,28,washington,1984,fj60,241000,2F,manual,blue,https://bringatrailer.com/listing/1984-toyota-land-cruiser-fj60-71/
1984 Toyota Land Cruiser FJ60,17250,2022-02-08,sold,11389,851,35,46,oregon,1984,fj60,196000,2F,manual,blue,https://bringatrailer.com/listing/1984-toyota-land-cruiser-fj60-69/
1987 Toyota Land Cruiser FJ60 5-Speed,25000,2022-02-07,reserve not met,9730,737,16,19,ohio,1987,fj60,218000,2F,manual,beige,https://bringatrailer.com/listing/1987-toyota-land-cruiser-fj60-104/
1FZ-Powered 1989 Toyota Land Cruiser FJ62 5-Speed,29000,2022-02-07,reserve not met,13595,917,27,30,florida,1989,fj62,200000,Other(Swapped),manual,blue,https://bringatrailer.com/listing/1989-toyota-land-cruiser-fj62-128/
1989 Toyota Land Cruiser FJ62,19500,2022-02-06,sold,11928,809,19,18,washington,1989,fj62,288000,3F-E,automatic,blue,https://bringatrailer.com/listing/1989-toyota-land-cruiser-fj62-124/
No Reserve: Vortec-Powered 1987 Toyota Land Cruiser FJ60,51500,2022-02-05,sold,15352,1076,49,44,texas,1987,fj60,900,Other(Swapped),automatic,silver,https://bringatrailer.com/listing/1987-toyota-land-cruiser-fj60-105/
No Reserve: 1989 Toyota Land Cruiser FJ62,23500,2022-02-03,sold,8971,742,12,41,tennessee,1989,fj62,266000,3F-E,automatic,beige,https://bringatrailer.com/listing/1989-toyota-land-cruiser-fj62-127/
1982 Toyota Land Cruiser FJ60,16000,2022-02-01,sold,8607,628,14,11,virginia,1982,fj60,207000,2F,manual,blue,https://bringatrailer.com/listing/1982-toyota-land-cruiser-fj60-10/
1986 Toyota Land Cruiser FJ60,47000,2022-02-01,reserve not met,22737,1160,64,31,california,1986,fj60,118000,2F,manual,beige,https://bringatrailer.com/listing/1986-toyota-land-cruiser-22/
1984 Toyota Land Cruiser FJ60 5-Speed,40000,2022-01-30,sold,7206,578,13,31,colorado,1984,fj60,215000,2F,manual,orange,https://bringatrailer.com/listing/1984-toyota-land-cruiser-fj60-70/
1989 Toyota Land Cruiser FJ62,47000,2022-01-29,sold,8142,673,22,21,arizona,1989,fj62,206000,3F-E,automatic,white,https://bringatrailer.com/listing/1989-toyota-land-cruiser-fj62-123/
1988 Toyota Land Cruiser FJ62,35250,2022-01-27,sold,9074,625,41,10,florida,1988,fj62,166000,3F-E,automatic,blue,https://bringatrailer.com/listing/1988-toyota-land-cruiser-38/
1986 Toyota Land Cruiser FJ60 5-Speed,17250,2022-01-25,sold,9377,644,33,18,california,1986,fj60,296000,2F,manual,white,https://bringatrailer.com/listing/1986-toyota-land-cruiser-fj60-43/
1986 Toyota Land Cruiser FJ60,66000,2022-01-24,sold,16901,946,60,50,oregon,1986,fj60,119000,2F,manual,blue,https://bringatrailer.com/listing/1986-toyota-land-cruiser-21/
Vortec-Powered 1985 Toyota Land Cruiser FJ60,29000,2022-01-22,sold,13035,851,28,33,arizona,1985,fj60,277000,Other(Swapped),automatic,white,https://bringatrailer.com/listing/1985-toyota-land-cruiser-fj60-100/
1983 Toyota Land Cruiser FJ60,32000,2022-01-17,sold,14010,967,48,41,new jersey,1983,fj60,136000,2F,manual,brown,https://bringatrailer.com/listing/1983-toyota-land-cruiser-fj60-37/
1987 Toyota Land Cruiser FJ60 5-Speed,49750,2022-01-16,sold,18482,1016,148,67,california,1987,fj60,100000,2F,manual,beige,https://bringatrailer.com/listing/1987-toyota-land-cruiser-fj60-99/
1989 Toyota Land Cruiser FJ62,28500,2022-01-13,sold,3469,226,9,6,michigan,1989,fj62,198000,3F-E,automatic,beige,https://bringatrailer.com/listing/1989-toyota-land-cruiser-fj62-119-2/
1988 Toyota Land Cruiser FJ62,16000,2022-01-13,sold,10011,668,17,5,arkansas,1988,fj62,72000,3F-E,automatic,gray,https://bringatrailer.com/listing/1988-toyota-land-cruiser-fj62-86/
1989 Toyota Land Cruiser FJ62,25000,2022-01-12,sold,6536,525,30,16,michigan,1989,fj62,198000,3F-E,automatic,beige,https://bringatrailer.com/listing/1989-toyota-land-cruiser-fj62-119/
1989 Toyota Land Cruiser FJ62,83000,2022-01-11,sold,22580,999,65,32,florida,1989,fj62,70000,3F-E,automatic,red,https://bringatrailer.com/listing/1989-toyota-land-cruiser-fj62-103/
1982 Toyota Land Cruiser FJ60,49000,2022-01-10,sold,21046,1174,96,47,south carolina,1982,fj60,106000,2F,manual,beige,https://bringatrailer.com/listing/1982-toyota-land-cruiser-fj60-8/
1985 Toyota Land Cruiser FJ60,23250,2022-01-09,sold,13282,794,30,46,virginia,1985,fj60,240000,2F,manual,beige,https://bringatrailer.com/listing/1985-toyota-toyota-landcruiser-fj60/
1989 Toyota Land Cruiser FJ62,48500,2022-01-08,sold,12921,725,53,56,oregon,1989,fj62,291000,3F-E,automatic,gray,https://bringatrailer.com/listing/1989-toyota-land-cruiser-fj62-120/
No Reserve: Rover V8-Powered 1987 Toyota Land Cruiser 5-Speed,9800,2022-01-06,sold,13531,716,79,4,new york,1987,fj60,136000,Other(Swapped),manual,blue,https://bringatrailer.com/listing/1987-toyota-land-cruiser-fj60-96/
1990 Toyota Land Cruiser FJ62,18500,2022-01-05,reserve not met,10938,709,52,23,michigan,1990,fj62,302000,3F-E,automatic,gray,https://bringatrailer.com/listing/1990-toyota-land-cruiser-fj62-52/
1988 Toyota Land Cruiser FJ62,33500,2021-12-28,sold,9907,679,32,37,new mexico,1988,fj62,156000,3F-E,automatic,beige,https://bringatrailer.com/listing/1988-toyota-land-cruiser-fj62-85/
No Reserve: 27-Years-Owned 1987 Toyota Land Cruiser FJ60,16500,2021-12-21,sold,11196,770,27,35,arizona,1987,fj60,300000,2F,manual,beige,https://bringatrailer.com/listing/1987-toyota-land-cruiser-fj60-95/
5.3L-Powered 1989 Toyota Land Cruiser FJ62,54000,2021-12-20,sold,12453,778,80,49,arizona,1989,fj62,8000,Other(Swapped),automatic,beige,https://bringatrailer.com/listing/1989-toyota-land-cruiser-fj62-111/
1988 Toyota Land Cruiser FJ62,46750,2021-12-20,sold,12676,871,46,62,arkansas,1988,fj62,266000,3F-E,automatic,gray,https://bringatrailer.com/listing/1988-toyota-land-cruiser-36/
1982 Toyota Land Cruiser FJ60,33250,2021-12-17,sold,12136,772,46,24,new hampshire,1982,fj60,189000,2F,manual,white,https://bringatrailer.com/listing/1982-toyota-land-cruiser-fj60-9/
1989 Toyota Land Cruiser FJ62,60000,2021-12-15,sold,13189,694,94,37,california,1989,fj62,158000,3F-E,automatic,white,https://bringatrailer.com/listing/1989-toyota-land-cruiser-fj62-113/
Vortec-Powered 1984 Toyota Land Cruiser FJ60,24750,2021-12-13,reserve not met,8155,460,27,25,missouri,1984,fj60,204000,Other(Swapped),manual,tan,https://bringatrailer.com/listing/1984-toyota-land-cruiser-fj60-67/
1987 Toyota Land Cruiser FJ60,23500,2021-12-09,reserve not met,7907,539,8,12,florida,1987,fj60,188000,2F,manual,beige,https://bringatrailer.com/listing/1987-toyota-land-cruiser-fj60-93/
1989 Toyota Land Cruiser FJ62,41500,2021-12-07,sold,11276,746,39,49,north carolina,1989,fj62,109000,3F-E,automatic,gray,https://bringatrailer.com/listing/1989-toyota-land-cruiser-fj62-106/
No Reserve: 1989 Toyota Land Cruiser FJ62,12000,2021-12-06,sold,13838,825,23,21,virginia,1989,fj62,139000,3F-E,automatic,gray,https://bringatrailer.com/listing/1989-toyota-land-cruiser-fj62-110/
23-Years-Owned 1985 Toyota Land Cruiser FJ60,37500,2021-12-05,sold,13216,665,28,32,new york,1985,fj60,163000,2F,manual,blue,https://bringatrailer.com/listing/1985-toyota-land-cruiser-fj60-99/
1984 Toyota Land Cruiser FJ60,16000,2021-12-01,reserve not met,8550,525,41,11,oregon,1984,fj60,183000,2F,manual,red,https://bringatrailer.com/listing/1984-toyota-land-cruiser-fj60-66/
1988 Toyota Land Cruiser FJ62,45000,2021-11-30,sold,14381,921,12,53,california,1988,fj62,127000,3F-E,automatic,beige,https://bringatrailer.com/listing/1988-toyota-land-cruiser-fj62-80/
1987 Toyota Land Cruiser FJ60,36050,2021-11-22,sold,11187,703,41,42,indiana,1987,fj60,182000,2F,manual,silver,https://bringatrailer.com/listing/1987-toyota-land-cruiser-fj60-92/
No Reserve: 1985 Toyota Land Cruiser FJ60,32250,2021-11-21,sold,12312,843,48,33,arizona,1985,fj60,92000,2F,manual,red,https://bringatrailer.com/listing/1985-toyota-land-cruiser-fj60-98/
1984 Toyota Land Cruiser FJ60,48550,2021-11-20,sold,9054,594,35,40,georgia,1984,fj60,99000,2F,manual,beige,https://bringatrailer.com/listing/1984-toyota-land-cruiser-fj60-61/
1989 Toyota Land Cruiser FJ62,46500,2021-11-19,sold,8722,586,38,34,mississippi,1989,fj62,156000,3F-E,automatic,gray,https://bringatrailer.com/listing/1989-toyota-land-cruiser-23/
1986 Toyota Land Cruiser FJ60,29500,2021-11-15,sold,7942,560,27,20,nevada,1986,fj60,221000,2F,manual,beige,https://bringatrailer.com/listing/1986-toyota-land-cruiser-fj60-41/
1989 Toyota Land Cruiser FJ62,45317,2021-11-14,sold,16575,855,60,34,arkansas,1989,fj62,118000,3F-E,automatic,beige,https://bringatrailer.com/listing/1989-toyota-land-cruiser-24/
No Reserve: V8-Powered 1987 Toyota Land Cruiser FJ60 5-Speed,32109,2021-11-14,sold,12217,832,35,35,wyoming,1987,fj60,146000,Other(Swapped),manual,red,https://bringatrailer.com/listing/1987-toyota-land-cruiser-fj60-90/
1987 Toyota Land Cruiser FJ60,42500,2021-11-13,sold,17965,1013,63,43,arizona,1987,fj60,144000,2F,manual,tan,https://bringatrailer.com/listing/1987-toyota-land-cruiser-fj60-89/
1989 Toyota Land Cruiser FJ62,31000,2021-11-12,sold,7648,606,14,37,north carolina,1989,fj62,176000,3F-E,automatic,brown,https://bringatrailer.com/listing/1989-toyota-land-cruiser-fj62-79/
1989 Toyota Land Cruiser FJ62,35850,2021-11-07,sold,13473,924,21,39,texas,1989,fj62,89000,3F-E,automatic,blue,https://bringatrailer.com/listing/1989-toyota-land-cruiser-fj62-108/
5.7L Vortec-Powered 1985 Toyota Land Cruiser FJ60,24250,2021-11-07,sold,7600,558,27,11,alabama,1985,fj60,197000,Other(Swapped),automatic,brown,https://bringatrailer.com/listing/1985-toyota-land-cruiser-fj60-88/
1985 Toyota Land Cruiser FJ60,38750,2021-11-05,sold,11208,694,27,27,texas,1985,fj60,161000,2F,manual,beige,https://bringatrailer.com/listing/1985-toyota-land-cruiser-fj60-96/
1988 Toyota Land Cruiser FJ62,23000,2021-11-03,reserve not met,7137,570,14,13,california,1988,fj62,245000,3F-E,automatic,red,https://bringatrailer.com/listing/1988-toyota-land-cruiser-fj62-77/
350-Powered 1986 Toyota Land Cruiser FJ60,25000,2021-10-31,sold,11520,750,30,41,virginia,1986,fj60,200000,Other(Swapped),automatic,brown,https://bringatrailer.com/listing/1986-toyota-land-cruiser-fj60-40/
1990 Toyota Land Cruiser FJ62,29000,2021-10-30,sold,9907,701,20,34,new mexico,1990,fj62,181000,3F-E,automatic,white,https://bringatrailer.com/listing/1990-toyota-land-cruiser-fj62-51/
1985 Toyota Land Cruiser FJ60,40000,2021-10-28,sold,15900,605,16,23,arizona,1985,fj60,89000,2F,manual,white,https://bringatrailer.com/listing/1985-toyota-land-cruiser-fj60-94/
1985 Toyota Land Cruiser FJ60,26500,2021-10-25,sold,14044,718,9,37,texas,1985,fj60,132000,2F,manual,red,https://bringatrailer.com/listing/1985-toyota-land-cruiser-fj60-93/
1988 Toyota Land Cruiser FJ62,28000,2021-10-24,sold,8438,551,12,21,utah,1988,fj62,156000,3F-E,automatic,white,https://bringatrailer.com/listing/1988-toyota-land-cruiser-fj62-75/
1989 Toyota Land Cruiser FJ62,40250,2021-10-23,sold,6651,454,7,14,iowa,1989,fj62,144000,3F-E,automatic,red,https://bringatrailer.com/listing/1989-toyota-land-cruiser-fj62-104/
1984 Toyota Land Cruiser FJ60,36250,2021-10-21,sold,8957,595,27,32,oklahoma,1984,fj60,129000,2F,manual,blue,https://bringatrailer.com/listing/1984-toyota-land-cruiser-fj60-60/
No Reserve: 1988 Toyota Land Cruiser FJ62,19500,2021-10-20,sold,8039,625,23,22,tennessee,1988,fj62,265000,3F-E,automatic,blue,https://bringatrailer.com/listing/1988-toyota-land-cruiser-fj62-73-2/
Vortec-Powered 1989 Toyota Land Cruiser FJ62,39000,2021-10-18,sold,16666,1091,37,35,minnesota,1989,fj62,146000,Other(Swapped),automatic,gray,https://bringatrailer.com/listing/1989-toyota-land-cruiser-fj62-101/
1989 Toyota Land Cruiser FJ62,24250,2021-10-16,sold,13469,845,29,22,california,1989,fj62,251000,3F-E,automatic,blue,https://bringatrailer.com/listing/1989-toyota-land-cruiser-fj62-105/
1987 Toyota Land Cruiser FJ60 5-Speed,43000,2021-10-14,sold,9489,691,24,26,virginia,1987,fj60,168000,2H,manual,blue,https://bringatrailer.com/listing/1987-toyota-land-cruiser-fj60-85/
No Reserve: Modified 1984 Toyota Land Cruiser FJ60 5-Speed,22500,2021-10-13,sold,10189,631,41,22,idaho,1984,fj60,197000,2F,manual,blue,https://bringatrailer.com/listing/1984-toyota-land-cruiser-fj60-63/
No Reserve: 1990 Toyota Land Cruiser FJ62,27500,2021-10-13,sold,5989,456,32,21,florida,1990,fj62,181000,3F-E,automatic,blue,https://bringatrailer.com/listing/1990-toyota-land-cruiser-fj62-50/
1984 Toyota Land Cruiser FJ60,29750,2021-10-07,sold,7687,528,15,30,california,1984,fj60,100000,2F,manual,red,https://bringatrailer.com/listing/1984-toyota-land-cruiser-fj60-53/
1984 Toyota Land Cruiser FJ60,31250,2021-10-03,sold,10999,569,17,11,washington,1984,fj60,192000,2F,manual,brown,https://bringatrailer.com/listing/1984-toyota-land-cruiser-fj60-64/
1989 Toyota Land Cruiser FJ62,15100,2021-09-27,reserve not met,9107,570,23,24,colorado,1989,fj62,271000,3F-E,automatic,gray,https://bringatrailer.com/listing/1989-toyota-land-cruiser-fj62-80/
1FZ-Powered 1989 Toyota Land Cruiser FJ62 5-Speed,27000,2021-09-26,reserve not met,14582,723,38,14,florida,1989,fj62,200000,Other(Swapped),manual,blue,https://bringatrailer.com/listing/1989-toyota-land-cruiser-fj62-102/
350-Powered 1985 Toyota Land Cruiser FJ60,42000,2021-09-19,sold,11656,706,56,23,oregon,1985,fj60,211000,Other(Swapped),manual,silver,https://bringatrailer.com/listing/1985-toyota-land-cruiser-fj60-90/
No Reserve: 1987 Toyota Land Cruiser FJ60,17000,2021-09-12,sold,12143,716,33,47,massachusetts,1987,fj60,235000,2F,manual,beige,https://bringatrailer.com/listing/1987-toyota-land-cruiser-fj60-83/
1989 Toyota Land Cruiser FJ62,27000,2021-09-09,sold,9398,546,29,21,texas,1989,fj62,172000,3F-E,automatic,white,https://bringatrailer.com/listing/1989-toyota-land-cruiser-fj62-82/
350-Powered 1987 Toyota Land Cruiser FJ60,35500,2021-09-06,sold,11445,735,24,26,texas,1987,fj60,187000,Other(Swapped),automatic,white,https://bringatrailer.com/listing/1987-toyota-land-cruiser-fj60-82/
1985 Toyota Land Cruiser FJ60,25250,2021-09-02,sold,9359,668,28,53,colorado,1985,fj60,299000,2F,manual,silver,https://bringatrailer.com/listing/1985-toyota-land-cruiser-fj60-89/
1988 Toyota Land Cruiser FJ62,37000,2021-08-27,sold,10965,671,36,57,south carolina,1988,fj62,187000,3F-E,automatic,beige,https://bringatrailer.com/listing/1988-toyota-land-cruiser-fj62-74/
1987 Toyota Land Cruiser FJ60,44000,2021-08-24,sold,13308,825,39,36,arizona,1987,fj60,189000,2F,manual,white,https://bringatrailer.com/listing/1987-toyota-land-cruiser-fj60-73/
LSA-Powered 1990 Toyota Land Cruiser FJ62,127500,2021-08-20,sold,39054,1086,114,28,washington,1990,fj62,38000,Other(Swapped),automatic,gray,https://bringatrailer.com/listing/1989-toyota-land-cruiser-fj62-95/
No Reserve: 1988 Toyota Land Cruiser FJ62,28500,2021-08-19,sold,9594,614,18,21,tennessee,1988,fj62,265000,3F-E,automatic,blue,https://bringatrailer.com/listing/1988-toyota-land-cruiser-fj62-73/
1989 Toyota Land Cruiser FJ62,73000,2021-08-14,sold,11270,613,37,37,georgia,1989,fj62,67000,3F-E,automatic,gray,https://bringatrailer.com/listing/1989-toyota-land-cruiser-fj62-84/
No Reserve: 1986 Toyota Land Cruiser FJ60,19200,2021-08-07,sold,16184,836,42,29,illinois,1986,fj60,159000,2F,manual,blue,https://bringatrailer.com/listing/1986-toyota-land-cruiser-fj60-37/
No Reserve: 1985 Toyota Land Cruiser FJ60,22250,2021-08-03,sold,11244,710,24,29,virginia,1985,fj60,166000,2F,manual,beige,https://bringatrailer.com/listing/1985-toyota-land-cruiser-fj60-85/
1989 Toyota Land Cruiser FJ62,34000,2021-07-31,sold,9647,621,16,20,illinois,1989,fj62,154000,3F-E,automatic,beige,https://bringatrailer.com/listing/1989-toyota-land-cruiser-fj62-91/
1984 Toyota Land Cruiser FJ60 5-Speed 4×4,20000,2021-07-30,reserve not met,5280,359,6,1,texas,1984,fj60,107000,2F,manual,red,https://bringatrailer.com/listing/1984-toyota-land-cruiser-fj60-55/
1985 Toyota Land Cruiser FJ60,26000,2021-07-28,sold,11122,755,24,34,colorado,1985,fj60,193000,2F,manual,silver,https://bringatrailer.com/listing/1985-toyota-land-cruiser-fj60-86/
1989 Toyota Land Cruiser FJ62,40750,2021-07-24,sold,11205,685,35,32,arizona,1989,fj62,210000,3F-E,automatic,brown,https://bringatrailer.com/listing/1989-toyota-land-cruiser-fj62-89/
Original-Owner 1989 Toyota Land Cruiser FJ62,76000,2021-07-21,sold,20709,983,155,57,california,1989,fj62,65000,3F-E,automatic,red,https://bringatrailer.com/listing/1989-toyota-land-cruiser-fj62-92/
Modified 1984 Toyota Land Cruiser FJ60,51777,2021-07-20,sold,16967,739,63,52,ohio,1984,fj60,181000,2F,manual,green,https://bringatrailer.com/listing/1984-toyota-land-cruiser-fj60-54/
1990 Toyota Land Cruiser FJ62,36750,2021-07-18,sold,11298,620,22,13,california,1990,fj62,208000,3F-E,automatic,blue,https://bringatrailer.com/listing/1990-toyota-land-cruiser-fj62-47/
No Reserve: 1989 Toyota Land Cruiser FJ62,25000,2021-07-17,sold,12776,824,25,30,florida,1989,fj62,205000,3F-E,automatic,beige,https://bringatrailer.com/listing/1989-toyota-land-cruiser-fj62-90/
1985 Toyota Land Cruiser FJ60 5-Speed,46000,2021-07-16,sold,14429,755,52,28,new york,1985,fj60,65000,2F,manual,red,https://bringatrailer.com/listing/1985-toyota-land-cruiser-fj60-84/
1983 Toyota Land Cruiser FJ60,28750,2021-07-15,sold,10190,709,17,29,oklahoma,1983,fj60,154000,2F,manual,white,https://bringatrailer.com/listing/1983-toyota-land-cruiser-fj60-32/
1988 Toyota Land Cruiser HJ60 High Roof,14751,2021-07-13,reserve not met,15511,638,34,15,wyoming,1988,hj60,152000,2H,automatic,green,https://bringatrailer.com/listing/1988-toyota-land-cruiser-34/
1985 Toyota Land Cruiser FJ60,24500,2021-07-08,sold,10467,802,41,32,california,1985,fj60,65000,2F,manual,silver,https://bringatrailer.com/listing/1985-toyota-land-cruiser-fj60-82/
1990 Toyota Land Cruiser FJ62,21700,2021-07-06,sold,10101,723,30,44,florida,1990,fj62,225000,3F-E,automatic,beige,https://bringatrailer.com/listing/1990-toyota-land-cruiser-fj62-45/
1985 Toyota Land Cruiser FJ60,33500,2021-07-01,sold,9879,667,32,34,north carolina,1985,fj60,206000,2F,manual,red,https://bringatrailer.com/listing/1985-toyota-land-cruiser-fj60-81/
1989 Toyota Land Cruiser FJ62,30250,2021-06-29,sold,12950,772,27,23,north carolina,1989,fj62,124000,3F-E,automatic,gray,https://bringatrailer.com/listing/1989-toyota-land-cruiser-20/
No Reserve: 1983 Toyota Land Cruiser FJ60 Project,11500,2021-06-23,sold,11181,575,61,59,utah,1983,fj60,156000,2F,manual,tan,https://bringatrailer.com/listing/1983-toyota-land-cruiser-fj60-31/
1990 Toyota Land Cruiser FJ62,26250,2021-06-22,sold,10967,670,28,60,georgia,1990,fj62,217000,3F-E,automatic,beige,https://bringatrailer.com/listing/1990-toyota-land-cruiser-fj62-46/
1989 Toyota Land Cruiser FJ62,35250,2021-06-13,sold,11687,685,27,21,colorado,1989,fj62,207000,3F-E,automatic,white,https://bringatrailer.com/listing/1989-toyota-land-cruiser-fj62-78/
1988 Toyota Land Cruiser FJ62,22000,2021-06-09,sold,7089,509,28,24,texas,1988,fj62,256000,3F-E,automatic,blue,https://bringatrailer.com/listing/1988-toyota-land-cruiser-fj62-69/
No Reserve: Vortec-Powered 1990 Toyota Land Cruiser FJ62,65000,2021-06-07,sold,13707,642,36,19,texas,1990,fj62,250000,Other(Swapped),automatic,gray,https://bringatrailer.com/listing/1990-toyota-land-cruiser-fj62-44/
1987 Toyota Land Cruiser FJ60,34013,2021-06-06,sold,11243,578,28,5,california,1987,fj60,222000,2F,manual,white,https://bringatrailer.com/listing/1987-toyota-land-cruiser-fj60-76/
1985 Toyota Land Cruiser FJ60,12550,2021-06-03,reserve not met,10451,562,21,23,texas,1985,fj60,243000,2F,manual,beige,https://bringatrailer.com/listing/1985-toyota-land-cruiser-fj60-80/
V8-Powered 1987 Toyota Land Cruiser FJ60,29500,2021-05-31,reserve not met,13260,740,28,37,texas,1987,fj60,179000,Other(Swapped),manual,gray,https://bringatrailer.com/listing/1987-toyota-land-cruiser-fj60-75/
1987 Toyota Land Cruiser FJ60 Turbodiesel,49750,2021-05-30,sold,11821,528,32,22,kentucky,1987,fj60,3000,2F,manual,tan,https://bringatrailer.com/listing/1987-toyota-land-cruiser-fj60-74/
1989 Toyota Land Cruiser FJ62,33500,2021-05-27,sold,10275,651,30,48,colorado,1989,fj62,176000,3F-E,automatic,beige,https://bringatrailer.com/listing/1989-toyota-land-cruiser-fj62-77/
1986 Toyota Land Cruiser FJ60 5-Speed,26500,2021-05-24,sold,9649,583,22,13,california,1986,fj60,158000,2F,manual,silver,https://bringatrailer.com/listing/1986-toyota-land-cruiser-fj60-35/
Vortec-Powered 1985 Toyota Land Cruiser FJ60,30000,2021-05-21,sold,10543,533,17,10,oregon,1985,fj60,276000,Other(Swapped),automatic,white,https://bringatrailer.com/listing/1985-toyota-land-cruiser-fj60-79/
1989 Toyota Land Cruiser FJ62,25250,2021-05-12,sold,11905,632,21,10,california,1989,fj62,242000,3F-E,automatic,beige,https://bringatrailer.com/listing/1989-toyota-land-cruiser-fj62-75/
1986 Toyota Land Cruiser FJ60 5-Speed,16500,2021-04-29,reserve not met,11694,538,21,7,idaho,1986,fj60,205000,2F,manual,beige,https://bringatrailer.com/listing/1986-toyota-land-cruiser-fj60-33/
1988 Toyota Land Cruiser FJ62,39775,2021-04-28,sold,8106,456,35,24,north carolina,1988,fj62,160000,3F-E,automatic,blue,https://bringatrailer.com/listing/1988-toyota-land-cruiser-fj62-66/
1989 Toyota Land Cruiser FJ62,34850,2021-04-23,reserve not met,10999,576,59,27,california,1989,fj62,193000,3F-E,automatic,white,https://bringatrailer.com/listing/1989-toyota-land-cruiser-fj62-73/
1989 Toyota Land Cruiser FJ62,45250,2021-04-21,sold,13376,819,74,79,arizona,1989,fj62,187000,3F-E,automatic,blue,https://bringatrailer.com/listing/1989-toyota-land-cruiser-19/
1989 Toyota Land Cruiser FJ62,68000,2021-04-18,sold,21045,902,85,38,kansas,1989,fj62,29639,3F-E,automatic,gray,https://bringatrailer.com/listing/1989-toyota-land-cruiser-fj62-71/
1987 Toyota Land Cruiser FJ60 5-Speed,27750,2021-04-17,sold,10693,698,27,36,nevada,1987,fj60,115000,2F,manual,silver,https://bringatrailer.com/listing/1987-toyota-land-cruiser-fj60-72/
1985 Toyota Land Cruiser FJ60,18250,2021-04-16,sold,10175,586,28,24,michigan,1985,fj60,198000,2F,manual,beige,https://bringatrailer.com/listing/1985-toyota-land-cruiser-fj60-78/
1989 Toyota Land Cruiser FJ62,29500,2021-04-13,sold,9831,586,37,40,texas,1989,fj62,202000,3F-E,automatic,blue,https://bringatrailer.com/listing/1989-toyota-land-cruiser-fj62-72/
1985 Toyota Land Cruiser FJ60,27000,2021-04-12,sold,13182,751,43,31,california,1985,fj60,141000,2F,manual,white,https://bringatrailer.com/listing/1985-toyota-land-cruiser-fj60-74/
1989 Toyota Land Cruiser FJ62,27000,2021-04-12,sold,9323,523,38,36,california,1989,fj62,242000,3F-E,automatic,gray,https://bringatrailer.com/listing/1989-toyota-land-cruiser-fj62-69/
No Reserve: 1988 Toyota Land Cruiser FJ62,28188,2021-04-08,sold,8976,578,45,41,arizona,1988,fj62,268000,3F-E,automatic,beige,https://bringatrailer.com/listing/1988-toyota-land-cruiser-33/
1987 Toyota Land Cruiser FJ60 4-Speed,36000,2021-04-05,sold,10420,694,71,43,california,1987,fj60,151000,2F,manual,blue,https://bringatrailer.com/listing/1987-toyota-land-cruiser-fj60-69/
No Reserve: 1990 Toyota Land Cruiser FJ62,26000,2021-04-05,sold,9476,569,101,35,colorado,1990,fj62,202000,3F-E,automatic,blue,https://bringatrailer.com/listing/1990-toyota-land-cruiser-fj62-40/
1988 Toyota Land Cruiser FJ62,27000,2021-04-02,sold,6706,448,32,22,arizona,1988,fj62,240000,3F-E,automatic,beige,https://bringatrailer.com/listing/1988-toyota-land-cruiser-fj62-61/
1987 Toyota Land Cruiser FJ60,26000,2021-04-01,sold,12786,686,30,42,new york,1987,fj60,192000,2F,manual,green,https://bringatrailer.com/listing/1987-toyota-land-cruiser-fj60-66/
1989 Toyota Land Cruiser FJ62,50000,2021-03-28,sold,18437,681,45,8,oklahoma,1989,fj62,70000,Other(Swapped),automatic,red,https://bringatrailer.com/listing/1989-toyota-land-cruiser-fj62-67/
1989 Toyota Land Cruiser FJ62,26500,2021-03-26,sold,7580,488,25,29,texas,1989,fj62,134000,3F-E,automatic,blue,https://bringatrailer.com/listing/1989-toyota-land-cruiser-fj62-68/
Vortec-Powered 1987 Toyota Land Cruiser FJ60,36500,2021-03-25,sold,14398,675,40,16,georgia,1987,fj60,800,Other(Swapped),automatic,silver,https://bringatrailer.com/listing/1987-toyota-land-cruiser-fj60-71/
1990 Toyota Land Cruiser FJ62,45500,2021-03-21,sold,15699,712,45,43,california,1990,fj62,128000,3F-E,automatic,white,https://bringatrailer.com/listing/1990-toyota-land-cruiser-fj62-41/
1985 Toyota Land Cruiser G HJ60 Diesel,24000,2021-03-17,reserve not met,12084,619,16,31,georgia,1985,hj60,179000,2H,automatic,beige,https://bringatrailer.com/listing/1985-toyota-land-cruiser-hj60-4/
1986 Toyota Land Cruiser FJ60,20250,2021-03-11,sold,7248,444,24,27,california,1986,fj60,159000,2F,manual,silver,https://bringatrailer.com/listing/1986-toyota-land-cruiser-fj60-31/
1989 Toyota Land Cruiser FJ62,27250,2021-03-09,reserve not met,9010,562,55,11,washington,1989,fj62,129000,3F-E,automatic,white,https://bringatrailer.com/listing/1989-toyota-land-cruiser-fj62-63/
1987 Toyota Land Cruiser FJ60 5-Speed,26750,2021-03-08,sold,11471,654,34,16,north carolina,1987,fj60,289000,2F,manual,white,https://bringatrailer.com/listing/1987-toyota-land-cruiser-fj60-65/
1987 Toyota Land Cruiser FJ60 4-Speed,23500,2021-03-04,sold,10840,797,30,50,north carolina,1987,fj60,212000,2F,manual,red,https://bringatrailer.com/listing/1987-toyota-land-cruiser-fj60-67/
1988 Toyota Land Cruiser FJ62,23750,2021-03-04,sold,11094,706,24,30,north carolina,1988,fj62,252000,3F-E,automatic,blue,https://bringatrailer.com/listing/1988-toyota-land-cruiser-fj62-60/
1988 Toyota Land Cruiser FJ62,49500,2021-03-02,sold,15924,692,34,17,oregon,1988,fj62,149000,3F-E,automatic,white,https://bringatrailer.com/listing/1988-toyota-land-cruiser-32/
1992 Toyota Land Cruiser FJ62 5-Speed,27600,2021-03-01,sold,17868,1006,85,33,kentucky,1992,fj62,75000,3F-E,manual,white,https://bringatrailer.com/listing/1992-toyota-land-cruiser-27/
No Reserve: 1990 Toyota Land Cruiser FJ62,28000,2021-02-25,sold,14231,852,66,50,new york,1990,fj62,237000,3F-E,automatic,white,https://bringatrailer.com/listing/1990-toyota-land-cruiser-fj62-39/
1987 Toyota Land Cruiser FJ60,27250,2021-02-24,sold,9204,597,31,17,new jersey,1987,fj60,160000,2F,manual,silver,https://bringatrailer.com/listing/1987-toyota-land-cruiser-fj60-63/
1989 Toyota Land Cruiser FJ62,17502,2021-02-23,sold,9265,574,23,12,tennessee,1989,fj62,178000,3F-E,automatic,beige,https://bringatrailer.com/listing/1989-toyota-land-cruiser-fj62-64/
1984 Toyota Land Cruiser FJ60,26000,2021-02-19,reserve not met,13118,871,40,39,texas,1984,fj60,135000,2F,manual,white,https://bringatrailer.com/listing/1988-toyota-land-cruiser-fj60-3/
1988 Toyota Land Cruiser FJ62,40500,2021-02-18,sold,12942,716,94,57,new jersey,1988,fj62,102000,3F-E,automatic,gray,https://bringatrailer.com/listing/1988-toyota-land-cruiser-fj62-58/
No Reserve: 1988 Toyota Land Cruiser FJ62,25250,2021-02-16,sold,11424,707,52,19,rhode island,1988,fj62,135000,3F-E,automatic,white,https://bringatrailer.com/listing/1988-toyota-land-cruiser-fj62-59/
No Reserve: 1982 Toyota Land Cruiser FJ60,38000,2021-02-15,sold,17414,741,40,6,california,1982,fj60,76000,2F,manual,beige,https://bringatrailer.com/listing/1982-toyota-land-cruiser-fj60-3/
1983 Toyota Land Cruiser BJ60 5-Speed,26500,2021-02-12,sold,12845,655,30,7,utah,1983,bj60,92000,3B,manual,brown,https://bringatrailer.com/listing/1983-toyota-land-cruiser-fj60-28/
V8-Powered 1985 Toyota Land Cruiser FJ60 5-Speed,24000,2021-02-12,sold,13994,888,37,29,utah,1985,fj60,133000,Other(Swapped),manual,blue,https://bringatrailer.com/listing/1985-toyota-land-cruiser-fj60-72/
1987 Toyota Land Cruiser FJ60,15775,2021-02-08,sold,12092,674,21,20,arkansas,1987,fj60,212000,2F,manual,beige,https://bringatrailer.com/listing/1987-toyota-land-cruiser-fj60-64/
Vortec-Powered 1984 Toyota Land Cruiser FJ60,20000,2021-02-05,reserve not met,15013,806,41,20,oregon,1984,fj60,2000,Other(Swapped),automatic,beige,https://bringatrailer.com/listing/1984-toyota-land-cruiser-fj60-51/
1986 Toyota Land Cruiser FJ60 5-Speed,25500,2021-01-29,sold,12185,743,32,30,california,1986,fj60,157000,2F,manual,silver,https://bringatrailer.com/listing/1986-toyota-land-cruiser-fj60-29/
1987 Toyota Land Cruiser FJ60 4-Speed,32500,2021-01-26,sold,11952,745,54,33,new mexico,1987,fj60,165000,2F,manual,beige,https://bringatrailer.com/listing/1987-toyota-land-cruiser-fj60-62/
1989 Toyota Land Cruiser FJ62,38500,2021-01-20,sold,19396,866,46,36,arizona,1989,fj62,215000,3F-E,automatic,beige,https://bringatrailer.com/listing/1989-toyota-land-cruiser-fj62-59/
48k-Mile 1985 Toyota Land Cruiser FJ60,49000,2021-01-11,sold,16760,933,39,21,alabama,1985,fj60,48000,2F,manual,silver,https://bringatrailer.com/listing/1985-toyota-land-cruiser-fj60-59/
V8-Powered 1985 Toyota Land Cruiser FJ60 5-Speed,33500,2021-01-11,sold,28003,968,46,17,utah,1985,fj60,153000,Other(Swapped),manual,blue,https://bringatrailer.com/listing/1985-toyota-land-cruiser-fj60-68/
1986 Toyota Land Cruiser FJ62 5-Speed,33500,2021-01-08,sold,15829,860,56,29,virginia,1986,fj62,95000,3F-E,manual,red,https://bringatrailer.com/listing/1986-toyota-land-cruiser-fj60-28/
No Reserve: 1981 Toyota Land Cruiser FJ60 Project,11500,2021-01-04,sold,18576,792,34,52,california,1981,fj60,204000,2F,manual,blue,https://bringatrailer.com/listing/1981-toyota-land-cruiser-fj60-5/
1988 Toyota Land Cruiser FJ62,52000,2020-12-31,sold,15665,621,59,43,idaho,1988,fj62,158000,3F-E,automatic,blue,https://bringatrailer.com/listing/1988-toyota-land-cruiser-fj62-53/
350-Powered 1990 Toyota Land Cruiser FJ62,18000,2020-12-24,reserve not met,13452,652,32,17,oregon,1990,fj62,39000,Other(Swapped),automatic,black,https://bringatrailer.com/listing/1990-toyota-land-cruiser-fj62-36/
1985 Toyota Land Cruiser FJ60,53000,2020-12-18,sold,13778,623,49,31,oregon,1985,fj60,82000,2F,manual,silver,https://bringatrailer.com/listing/1985-toyota-land-cruiser-fj60-71/
1986 Toyota Land Cruiser HJ61,7600,2020-12-15,reserve not met,11669,425,19,4,washington,1986,hj61,183000,12H-T,automatic,gold,https://bringatrailer.com/listing/1986-toyota-land-cruiser-11/
32k-Mile 1989 Toyota Land Cruiser FJ62,76500,2020-12-14,sold,33318,1223,83,46,florida,1989,fj62,32000,3F-E,automatic,white,https://bringatrailer.com/listing/1989-toyota-land-cruiser-18/
22-Years-Owned 1989 Toyota Land Cruiser FJ62,27750,2020-12-11,sold,11137,659,61,61,california,1989,fj62,389000,3F-E,automatic,white,https://bringatrailer.com/listing/1989-toyota-land-cruiser-fj62-56/
V8-Powered 1985 Toyota Land Cruiser FJ60,18000,2020-12-10,reserve not met,10674,464,14,8,north carolina,1985,fj60,189000,Other(Swapped),manual,beige,https://bringatrailer.com/listing/1985-toyota-land-cruiser-fj60-67/
1987 Toyota Land Cruiser FJ60,30500,2020-12-07,sold,11215,616,36,26,north carolina,1987,fj60,163000,2F,manual,silver,https://bringatrailer.com/listing/1987-toyota-land-cruiser-fj60-61/
No Reserve: 1985 Toyota Land Cruiser FJ60 5-Speed,18800,2020-12-03,sold,14236,692,43,33,oregon,1985,fj60,400000,2F,manual,tan,https://bringatrailer.com/listing/1985-toyota-land-cruiser-fj60-66/
1988 Toyota Land Cruiser FJ62,39000,2020-12-01,sold,10157,558,27,21,california,1988,fj62,170000,3F-E,automatic,white,https://bringatrailer.com/listing/1988-toyota-land-cruiser-fj62-54/
1985 Toyota Land Cruiser FJ60,21800,2020-11-30,sold,9950,594,33,29,georgia,1985,fj60,126000,2F,manual,black,https://bringatrailer.com/listing/1985-toyota-land-cruiser-fj60-64/
No Reserve: 1986 Toyota Land Cruiser FJ60,23000,2020-11-25,sold,9071,663,41,34,california,1986,fj60,184000,2F,manual,blue,https://bringatrailer.com/listing/1986-toyota-land-cruiser-fj60-27/
1988 Toyota Land Cruiser FJ62,26500,2020-11-24,sold,12701,752,34,19,idaho,1988,fj62,154000,3F-E,automatic,beige,https://bringatrailer.com/listing/1988-toyota-land-cruiser-fj62-49/
1987 Toyota Land Cruiser FJ60,16000,2020-11-23,sold,7788,472,23,2,oregon,1987,fj60,172000,2F,manual,blue,https://bringatrailer.com/listing/1987-toyota-land-cruiser-fj60-60/
1990 Toyota Land Cruiser FJ62,28500,2020-11-16,sold,11497,655,45,25,arizona,1990,fj62,192000,3F-E,automatic,gray,https://bringatrailer.com/listing/1990-toyota-land-cruiser-fj62-33/
Vortec-Powered 1989 Toyota Land Cruiser FJ62,42000,2020-11-12,reserve not met,14790,794,83,37,north carolina,1989,fj62,280000,Other(Swapped),automatic,tan,https://bringatrailer.com/listing/1989-toyota-land-cruiser-fj62-52/
1989 Toyota Land Cruiser FJ62 4-Speed,13000,2020-11-09,reserve not met,9478,572,23,10,tennessee,1989,fj62,189000,3F-E,manual,red,https://bringatrailer.com/listing/1989-toyota-land-cruiser-fj62-54/
Vortec-Powered 1987 Toyota Land Cruiser FJ60,54000,2020-11-05,sold,11156,556,53,28,minnesota,1987,fj60,164000,Other(Swapped),automatic,blue,https://bringatrailer.com/listing/1987-toyota-land-cruiser-fj60-56/
Original-Owner 1989 Toyota Land Cruiser FJ62,25000,2020-11-02,sold,8993,578,23,22,virginia,1989,fj62,238000,3F-E,automatic,gray,https://bringatrailer.com/listing/1989-toyota-land-cruiser-fj62-48/
1985 Toyota Land Cruiser FJ60,30000,2020-10-29,sold,10735,626,56,33,idaho,1985,fj60,118000,2F,manual,beige,https://bringatrailer.com/listing/1985-toyota-land-cruiser-fj60-62/
Vortec-Powered 1990 Toyota Land Cruiser FJ62,71000,2020-10-29,sold,26235,1038,50,28,texas,1990,fj62,148000,Other(Swapped),automatic,gray,https://bringatrailer.com/listing/1990-toyota-land-cruiser-fj62-35/
1988 Toyota Land Cruiser FJ62,19000,2020-10-23,sold,9797,484,33,15,canada,1988,fj62,246000,3F-E,automatic,gray,https://bringatrailer.com/listing/1988-toyota-land-cruiser-fj62-35/
No Reserve: 1985 Toyota Land Cruiser FJ60,14000,2020-10-20,sold,11938,613,21,7,missouri,1985,fj60,266000,2F,manual,beige,https://bringatrailer.com/listing/1985-toyota-land-cruiser-fj60-61/
1983 Toyota Land Cruiser FJ60,15000,2020-10-19,reserve not met,9292,588,43,15,idaho,1983,fj60,167000,2F,manual,white,https://bringatrailer.com/listing/1983-toyota-land-cruiser-fj60-23/
Vortec-Powered 1988 Toyota Land Cruiser FJ62,80000,2020-10-16,sold,35478,886,102,44,arizona,1988,fj62,9000,Other(Swapped),automatic,gray,https://bringatrailer.com/listing/1988-toyota-land-cruiser-fj62-47/
1988 Toyota Land Cruiser HJ61,14500,2020-10-15,reserve not met,9239,414,34,23,illinois,1988,hj61,160000,12H-T,manual,silver,https://bringatrailer.com/listing/1988-toyota-land-cruiser-hj61-7/
1989 Toyota Land Cruiser FJ62,22250,2020-10-14,sold,11910,712,60,25,california,1989,fj62,268000,3F-E,automatic,beige,https://bringatrailer.com/listing/1989-toyota-land-cruiser-fj62-50/
No Reserve: 1988 Toyota Land Cruiser FJ62,15750,2020-10-13,sold,9263,603,21,17,california,1988,fj62,247000,3F-E,automatic,white,https://bringatrailer.com/listing/1988-toyota-land-cruiser-fj62-50/
1985 Toyota Land Cruiser FJ60,23250,2020-10-12,sold,12365,737,33,28,florida,1985,fj60,186000,2F,manual,gray,https://bringatrailer.com/listing/1985-toyota-land-cruiser-fj60-58/
1987 Toyota Land Cruiser FJ60,20500,2020-10-05,sold,17070,835,23,24,illinois,1987,fj60,133000,2F,manual,red,https://bringatrailer.com/listing/1987-toyota-land-cruiser-fj60-57/
Vortec-Powered 1985 Toyota Land Cruiser FJ60 w/Trailer,40000,2020-10-02,sold,23566,1071,32,15,south carolina,1985,fj60,205000,Other(Swapped),manual,blue,https://bringatrailer.com/listing/1985-toyota-land-cruiser-fj60-60/
30-Years-Owned 50k-Mile 1988 Toyota Land Cruiser FJ62,38250,2020-10-02,sold,22096,854,35,36,michigan,1988,fj62,50000,3F-E,automatic,gray,https://bringatrailer.com/listing/1988-toyota-land-cruiser-fj62-45/
Restored 1986 Toyota Land Cruiser FJ60,48500,2020-10-01,sold,18001,789,64,23,mississippi,1986,fj60,118000,2F,manual,beige,https://bringatrailer.com/listing/1986-toyota-land-cruiser-fj60-24/
1985 Toyota Land Cruiser FJ60,26000,2020-09-25,sold,8276,490,36,18,kentucky,1985,fj60,154000,2F,manual,silver,https://bringatrailer.com/listing/1985-toyota-land-cruiser-fj60-63/
1985 Toyota Land Cruiser FJ60,45000,2020-09-24,sold,18907,613,35,9,oregon,1985,fj60,82000,2F,manual,silver,https://bringatrailer.com/listing/1985-toyota-land-cruiser-fj60-51/
Vortec-Powered 1990 Toyota Land Cruiser FJ62,70000,2020-09-21,sold,28955,1033,74,50,louisiana,1990,fj62,117000,Other(Swapped),automatic,white,https://bringatrailer.com/listing/1990-toyota-land-cruiser-fj62-34/
1987 Toyota Land Cruiser FJ60,20000,2020-09-16,sold,10248,648,19,19,montana,1987,fj60,126000,2F,manual,silver,https://bringatrailer.com/listing/1987-toyota-land-cruiser-fj60-51/
1987 Toyota Land Cruiser FJ60,20000,2020-09-14,sold,8359,600,36,3,montana,1987,fj60,208000,2F,manual,blue,https://bringatrailer.com/listing/1987-toyota-land-cruiser-fj60-52/
1987 Toyota Land Cruiser FJ60,24750,2020-09-09,sold,6716,751,38,38,california,1987,fj60,226000,2F,manual,brown,https://bringatrailer.com/listing/1987-toyota-land-cruiser-fj60-48/
1988 Toyota Land Cruiser FJ62,20250,2020-09-08,sold,1568,576,26,25,north carolina,1988,fj62,158000,3F-E,automatic,red,https://bringatrailer.com/listing/1988-toyota-land-cruiser-31/
1986 Toyota Land Cruiser FJ60,15875,2020-09-07,reserve not met,1842,477,11,6,virginia,1986,fj60,201000,2F,manual,brown,https://bringatrailer.com/listing/1986-toyota-land-cruiser-fj60-21/
Vortec-Powered 1984 Toyota Land Cruiser FJ60,26250,2020-09-03,sold,1800,553,59,35,virginia,1984,fj60,204000,Other(Swapped),manual,tan,https://bringatrailer.com/listing/1984-toyota-land-cruiser-fj60-48/
Restored 1986 Toyota Land Cruiser FJ60,61000,2020-09-02,sold,2460,810,65,16,california,1986,fj60,198000,2F,manual,red,https://bringatrailer.com/listing/1986-toyota-land-cruiser-fj60-26/
1985 Toyota Land Cruiser FJ60 4-Speed,24500,2020-08-20,sold,9353,585,24,12,arkansas,1985,fj60,176000,2F,manual,beige,https://bringatrailer.com/listing/1985-toyota-land-cruiser-fj60-54/
1983 Toyota Land Cruiser FJ60,17500,2020-08-19,reserve not met,13940,745,22,4,colorado,1983,fj60,193000,2F,manual,blue,https://bringatrailer.com/listing/1983-toyota-land-cruiser-fj60-10/
1984 Toyota Land Cruiser FJ60,22500,2020-08-12,sold,9797,657,17,21,idaho,1984,fj60,165000,2F,manual,blue,https://bringatrailer.com/listing/1984-toyota-land-cruiser-fj60-47/
1983 Toyota Land Cruiser FJ60,36000,2020-08-10,sold,10568,596,39,28,florida,1983,fj60,60000,2F,manual,blue,https://bringatrailer.com/listing/1983-toyota-land-cruiser-fj60-22/
1990 Toyota Land Cruiser FJ62,26500,2020-08-07,sold,10612,619,21,34,south carolina,1990,fj62,131000,3F-E,automatic,beige,https://bringatrailer.com/listing/1990-toyota-land-cruiser-fj62-32/
1985 Toyota Land Cruiser FJ60,18700,2020-08-05,sold,11772,721,10,16,utah,1985,fj60,279000,2F,manual,blue,https://bringatrailer.com/listing/1985-toyota-land-cruiser-fj60-52/
Vortec V8-Powered 1984 Toyota Land Cruiser FJ60,56000,2020-08-04,sold,20807,775,97,30,virginia,1984,fj60,175000,Other(Swapped),automatic,blue,https://bringatrailer.com/listing/1984-toyota-land-cruiser-fj60-36/
1988 Toyota Land Cruiser FJ62,16250,2020-07-31,reserve not met,9772,596,11,23,washington,1988,fj62,134000,3F-E,automatic,beige,https://bringatrailer.com/listing/1988-toyota-land-cruiser-30/
1989 Toyota Land Cruiser FJ62 High Roof 5-Speed,20250,2020-07-30,sold,15797,833,41,32,alabama,1989,fj62,121000,3F-E,manual,white,https://bringatrailer.com/listing/1989-toyota-land-cruiser-fj62-43/
1981 Toyota Land Cruiser FJ60,22750,2020-07-29,sold,9175,542,32,27,florida,1981,fj60,192000,2F,manual,beige,https://bringatrailer.com/listing/1981-toyota-land-cruiser-fj60-4/
Vortec-Powered 1988 Toyota Land Cruiser FJ62,75000,2020-07-28,sold,46259,1088,64,9,texas,1988,fj62,200000,Other(Swapped),automatic,gray,https://bringatrailer.com/listing/1988-toyota-toyota-land-cruiser-fj62/
1986 Toyota Land Cruiser 5-Speed,28250,2020-07-22,sold,10017,603,59,48,texas,1986,fj60,154000,2F,manual,silver,https://bringatrailer.com/listing/1986-toyota-land-cruiser-9/
1989 Toyota Land Cruiser FJ62,25001,2020-07-20,sold,13804,746,30,23,texas,1989,fj62,281000,3F-E,automatic,gray,https://bringatrailer.com/listing/1989-toyota-land-cruiser-15/
1984 Toyota Land Cruiser FJ60,18250,2020-07-14,sold,14362,710,40,18,canada,1984,fj60,139000,2F,manual,beige,https://bringatrailer.com/listing/1984-toyota-land-cruiser-fj60-44/
1985 Toyota Land Cruiser HJ60 High Roof,40000,2020-07-10,sold,22061,796,86,49,oklahoma,1985,hj60,158000,2H,manual,blue,https://bringatrailer.com/listing/1985-toyota-land-cruiser-hj60-3/
LS3-Powered 1989 Toyota Land Cruiser FJ62,79500,2020-07-01,sold,23163,753,81,31,texas,1989,fj62,5000,Other(Swapped),automatic,white,https://bringatrailer.com/listing/1989-toyota-land-cruiser-fj62-41/
No Reserve: Cummins-Powered 1989 Toyota Land Cruiser FJ62 5-Speed,25500,2020-06-30,sold,36173,1229,62,30,alabama,1989,fj62,222000,Other(Swapped),manual,beige,https://bringatrailer.com/listing/1989-toyota-land-cruiser-fj62-39/
66k-Mile 1989 Toyota Land Cruiser FJ62,45250,2020-06-25,sold,21311,747,42,10,new mexico,1989,fj62,66000,3F-E,automatic,gray,https://bringatrailer.com/listing/1989-toyota-land-cruiser-13/
1989 Toyota Land Cruiser FJ62,24750,2020-06-24,sold,9526,620,26,29,virginia,1989,fj62,164000,3F-E,automatic,gray,https://bringatrailer.com/listing/1989-toyota-land-cruiser-fj62-42/
1988 Toyota Land Cruiser FJ62 5-Speed,46000,2020-06-11,sold,27110,714,78,20,oregon,1988,fj62,213000,3F-E,manual,blue,https://bringatrailer.com/listing/1988-toyota-land-cruiser-fj62-37/
Modified 1985 Toyota Land Cruiser FJ60 V8 4-Speed,13750,2020-06-09,reserve not met,17210,773,46,41,iowa,1985,fj60,239000,Other(Swapped),manual,silver,https://bringatrailer.com/listing/1985-toyota-land-cruiser-fj60-45/
1989 Toyota Land Cruiser FJ62,22250,2020-06-04,sold,8778,616,8,19,oklahoma,1989,fj62,135000,3F-E,automatic,gray,https://bringatrailer.com/listing/1989-toyota-land-cruiser-12/
1988 Toyota Land Cruiser FJ62,15000,2020-06-02,reserve not met,12620,633,10,3,missouri,1988,fj62,218000,3F-E,automatic,white,https://bringatrailer.com/listing/1988-toyota-land-cruiser-29/
Diesel 1985 Toyota Land Cruiser FJ60,47000,2020-05-28,sold,22905,921,64,25,california,1985,fj60,227000,2H,manual,tan,https://bringatrailer.com/listing/1985-toyota-land-cruiser-fj60-49/
32k-Mile 1989 Toyota Land Cruiser FJ62,80000,2020-05-27,sold,27832,699,92,14,north carolina,1989,fj62,32000,3F-E,automatic,white,https://bringatrailer.com/listing/1989-toyota-land-cruiser-fj62-40/
1989 Toyota Land Cruiser FJ62,29500,2020-05-26,sold,11476,620,33,25,colorado,1989,fj62,143000,3F-E,automatic,blue,https://bringatrailer.com/listing/1989-toyota-land-cruiser-fj62-37/
1984 Toyota Land Cruiser FJ60,25750,2020-05-21,sold,13577,768,44,38,california,1984,fj60,92000,2F,manual,beige,https://bringatrailer.com/listing/1984-toyota-land-cruiser-fj60-32/
1987 Toyota Land Cruiser FJ60,21250,2020-05-14,sold,20513,882,76,20,california,1987,fj60,166000,2F,manual,beige,https://bringatrailer.com/listing/1987-toyota-land-cruiser-fj60-44/
1984 Toyota Land Cruiser FJ60,19750,2020-05-11,sold,19249,992,46,37,california,1984,fj60,164000,2F,manual,blue,https://bringatrailer.com/listing/1984-toyota-land-cruiser-fj60-40/
1984 Toyota Land Cruiser FJ60,20000,2020-05-07,reserve not met,29864,1372,45,18,alabama,1984,fj60,278000,2F,manual,blue,https://bringatrailer.com/listing/1984-toyota-land-cruiser-fj60-41/
57k-Mile 1990 Toyota Land Cruiser FJ62,66500,2020-04-30,sold,37799,1138,155,24,pennsylvania,1990,fj62,57000,3F-E,automatic,red,https://bringatrailer.com/listing/1990-toyota-land-cruiser-fj62-29/
1988 Toyota Land Cruiser FJ62,23250,2020-04-29,sold,16925,956,39,44,texas,1988,fj62,188000,3F-E,automatic,silver,https://bringatrailer.com/listing/1988-toyota-land-cruiser-fj62-34/
No Reserve: 1988 Toyota Land Cruiser FJ62,14000,2020-04-01,sold,15643,696,29,29,canada j7c,1988,fj62,198000,3F-E,automatic,tan,https://bringatrailer.com/listing/1988-toyota-land-cruiser-fj62-30/
1983 Toyota Land Cruiser FJ60,14250,2020-03-26,reserve not met,11838,621,25,26,colorado,1983,fj60,156000,2F,manual,red,https://bringatrailer.com/listing/1983-toyota-land-cruiser-fj60-18/
One-Owner 1988 Toyota Land Cruiser FJ62,28000,2020-03-19,reserve not met,18492,694,29,12,florida,1988,fj62,68000,3F-E,automatic,gray,https://bringatrailer.com/listing/1998-toyota-land-cruiser-7/
1986 Toyota Land Cruiser FJ60,31250,2020-03-11,sold,20515,835,68,25,missouri,1986,fj60,178000,2F,manual,red,https://bringatrailer.com/listing/1986-toyota-land-cruiser-7/
1984 Toyota Land Cruiser FJ60,7369,2020-03-05,sold,14434,559,68,16,california,1984,fj60,198000,2F,manual,beige,https://bringatrailer.com/listing/1984-toyota-land-cruiser-fj60-38/
1988 Toyota Land Cruiser FJ62,15000,2020-03-04,sold,9019,434,31,5,california,1988,fj62,255000,3F-E,automatic,white,https://bringatrailer.com/listing/1988-toyota-land-cruiser-fj62-13/
1989 Toyota Land Cruiser FJ62,13000,2020-02-26,sold,14358,678,27,21,canada,1989,fj62,223000,3F-E,automatic,gray,https://bringatrailer.com/listing/1989-toyota-land-cruiser-fj62-34/
1988 Toyota Land Cruiser FJ62,14150,2020-02-10,sold,17286,762,33,34,california,1988,fj62,163000,3F-E,automatic,white,https://bringatrailer.com/listing/1988-toyota-land-cruiser-fj62-33/
1984 Toyota Land Cruiser FJ60,24112,2020-02-07,sold,11390,589,44,15,alabama,1984,fj60,124000,2F,manual,red,https://bringatrailer.com/listing/1984-toyota-land-cruiser-fj60-29/
1988 Toyota Land Cruiser FJ62,39750,2020-02-04,sold,22686,775,87,20,texas,1988,fj62,172000,3F-E,automatic,gray,https://bringatrailer.com/listing/1988-toyota-land-cruiser-fj62-26/
1988 Toyota Land Cruiser FJ62,19100,2020-01-28,sold,10918,552,39,18,california,1988,fj62,131000,3F-E,automatic,white,https://bringatrailer.com/listing/1988-toyota-land-cruiser-fj62-31/
1982 Toyota Land Cruiser FJ60,26800,2020-01-23,sold,21572,750,66,21,missouri,1982,fj60,89000,2F,manual,silver,https://bringatrailer.com/listing/1982-toyota-land-cruiser-fj60/
1990 Toyota Land Cruiser FJ62,16888,2020-01-21,sold,14285,659,40,21,oregon,1990,fj62,258000,3F-E,automatic,red,https://bringatrailer.com/listing/1990-toyota-land-cruiser-fj62-27/
1987 Toyota Land Cruiser FJ60 5-Speed,12000,2020-01-16,reserve not met,14345,645,24,16,north carolina,1987,fj60,230000,2F,manual,blue,https://bringatrailer.com/listing/1987-toyota-land-cruiser-fj60-42/
1984 Toyota Land Cruiser FJ60,17250,2020-01-10,sold,15735,699,37,31,canada,1984,fj60,222000,3B,manual,red,https://bringatrailer.com/listing/1984-toyota-land-cruiser-fj60-35/
1983 Toyota Land Cruiser FJ60 5-Speed,24750,2020-01-09,reserve not met,31131,1067,97,20,missouri,1983,fj60,87000,2F,manual,brown,https://bringatrailer.com/listing/1983-toyota-land-cruiser-fj40-10/
1990 Toyota Land Cruiser FJ62,18500,2020-01-03,sold,15623,643,20,24,alabama,1990,fj62,210000,3F-E,automatic,white,https://bringatrailer.com/listing/1990-toyota-land-cruiser-fj62-26/
1987 Toyota Land Cruiser FJ60,20500,2020-01-02,sold,29037,795,25,27,tennessee,1987,fj60,150000,2F,manual,blue,https://bringatrailer.com/listing/1987-toyota-land-cruiser-fj60-41/
19-Years-Owned 1988 Toyota Land Cruiser FJ62,22000,2019-12-27,sold,16076,871,43,45,california,1988,fj62,130000,3F-E,automatic,white,https://bringatrailer.com/listing/1988-toyota-land-cruiser-fj62-28/
1983 Toyota Land Cruiser FJ60,18500,2019-12-26,sold,10781,541,44,36,ohio,1983,fj60,233000,2F,manual,beige,https://bringatrailer.com/listing/1983-toyota-land-cruiser-fj60-17/
1985 Toyota Land Cruiser FJ60,14000,2019-12-19,reserve not met,9702,540,27,23,florida,1985,fj60,154000,2F,manual,beige,https://bringatrailer.com/listing/1986-toyota-land-cruiser-fj60-17/
1985 Toyota Land Cruiser FJ60,9500,2019-12-12,sold,13891,629,47,8,tennessee,1985,fj60,143000,2F,manual,silver,https://bringatrailer.com/listing/1985-toyota-land-cruiser-fj60-43/
59k-Mile 1984 Toyota Land Cruiser FJ60,51000,2019-12-11,sold,38376,969,149,11,iowa,1984,fj60,59000,2F,manual,red,https://bringatrailer.com/listing/1984-toyota-land-cruiser-fj60-34/
No Reserve: 1990 Toyota Land Cruiser FJ62,13050,2019-11-29,sold,22081,737,15,15,alabama,1990,fj62,222000,3F-E,automatic,gray,https://bringatrailer.com/listing/1990-toyota-land-cruiser-fj62-25/
1983 Toyota Land Cruiser FJ60,21248,2019-11-22,sold,16849,839,46,31,georgia,1983,fj60,163000,2F,manual,red,https://bringatrailer.com/listing/1983-toyota-land-cruiser-fj60-16/
1990 Toyota Land Cruiser FJ62,17500,2019-11-21,sold,7997,406,38,18,washington,1990,fj62,195000,3F-E,automatic,beige,https://bringatrailer.com/listing/1990-toyota-land-cruiser-fj62-24/
LS3-Powered 1987 Toyota Land Cruiser FJ60,37000,2019-11-20,sold,15545,618,52,23,alabama,1987,fj60,6500,Other(Swapped),automatic,beige,https://bringatrailer.com/listing/1987-toyota-land-cruiser-fj60-39/
No Reserve: 1985 Toyota Land Cruiser FJ60,21850,2019-11-15,sold,21199,884,45,21,alabama,1985,fj60,171000,2F,manual,white,https://bringatrailer.com/listing/1985-toyota-land-cruiser-fj60-40/
1990 Toyota Land Cruiser FJ62,19500,2019-11-08,reserve not met,14648,679,26,34,maryland,1990,fj62,148000,3F-E,automatic,,https://bringatrailer.com/listing/1990-toyota-land-cruiser-fj62-23/
1984 Toyota Land Cruiser FJ60,10500,2019-11-05,reserve not met,11539,437,33,11,new jersey,1984,fj60,128000,2F,manual,beige,https://bringatrailer.com/listing/1984-toyota-land-cruiser-fj60-31/
No Reserve: 1989 Toyota Land Cruiser FJ62,16500,2019-11-01,sold,14077,660,31,23,alabama,1989,fj62,220000,3F-E,automatic,blue,https://bringatrailer.com/listing/1989-toyota-land-cruiser-8/
LS-Powered 1986 Toyota Land Cruiser FJ60,20000,2019-10-25,reserve not met,30445,1105,97,19,texas,1986,fj60,2000,Other(Swapped),automatic,red,https://bringatrailer.com/listing/1986-toyota-land-cruiser-fj60-16/
1988 Toyota Land Cruiser FJ62,27500,2019-10-17,sold,10876,575,73,26,idaho,1988,fj62,154000,3F-E,automatic,gray,https://bringatrailer.com/listing/1988-toyota-land-cruiser-25/
72k-Mile 1985 Toyota Land Cruiser FJ60,28000,2019-10-11,reserve not met,14786,663,53,31,wyoming,1985,fj60,72000,2F,manual,silver,https://bringatrailer.com/listing/1985-toyota-land-cruiser-fj60-39/
1988 Toyota Land Cruiser FJ62,23000,2019-10-07,sold,14916,691,45,25,oklahoma,1988,fj62,89000,3F-E,automatic,blue,https://bringatrailer.com/listing/1988-toyota-land-cruiser-fj62-24/
1987 Toyota Land Cruiser FJ60,24254,2019-10-04,reserve not met,16983,863,50,43,missouri,1987,fj60,151000,2H,manual,white,https://bringatrailer.com/listing/1987-toyota-land-cruiser-fj60-34/
6.0L Vortec V8-Powered 1985 Toyota Land Cruiser FJ60 5-Speed,42500,2019-10-03,sold,36513,1096,125,61,,1985,fj60,235000,Other(Swapped),manual,green,https://bringatrailer.com/listing/1985-toyota-land-cruiser-fj60-33/
1985 Toyota Land Cruiser FJ60 5-Speed,18000,2019-09-27,reserve not met,11242,407,31,9,california,1985,fj60,290000,2F,manual,silver,https://bringatrailer.com/listing/1985-toyota-land-cruiser-fj60-35/
1988 Toyota Land Cruiser FJ62,16000,2019-09-26,sold,9976,490,50,32,california,1988,fj62,210000,3F-E,automatic,beige,https://bringatrailer.com/listing/1988-toyota-land-cruiser-fj62-25/
Original-Owner 1987 Toyota Land Cruiser FJ60,19770,2019-09-20,sold,12352,571,30,23,california,1987,fj60,158000,2F,manual,beige,https://bringatrailer.com/listing/1987-toyota-land-cruiser-fj60-36/
1989 Toyota Land Cruiser FJ62,26500,2019-09-19,reserve not met,17017,709,29,27,virginia,1989,fj62,116000,3F-E,automatic,white,https://bringatrailer.com/listing/1989-toyota-land-cruiser-fj62-26/
1987 Toyota Land Cruiser HJ60 Diesel,23250,2019-09-17,reserve not met,17054,645,39,35,connecticut,1987,hj60,121000,2H,automatic,silver,https://bringatrailer.com/listing/1987-toyota-land-cruiser-hj60-7/
1990 Toyota Land Cruiser FJ62,24000,2019-09-09,sold,20950,739,29,28,texas,1990,fj62,184000,3F-E,automatic,silver,https://bringatrailer.com/listing/1990-toyota-land-cruiser-fj62-19/
1984 Toyota Land Cruiser FJ60,20250,2019-08-19,reserve not met,13729,510,54,20,iowa,1984,fj60,114000,2F,manual,brown,https://bringatrailer.com/listing/1984-toyota-land-cruiser-fj60-28/
1985 Toyota Land Cruiser FJ60,13000,2019-08-15,sold,10487,520,50,42,tennessee,1985,fj60,219000,2F,manual,red,https://bringatrailer.com/listing/1985-toyota-land-cruiser-fj60-34/
1985 Toyota Land Cruiser FJ60,25251,2019-08-09,sold,15633,654,41,29,texas,1985,fj60,173000,2F,manual,,https://bringatrailer.com/listing/1985-toyota-land-cruiser-fj60-32/
No Reserve: 1987 Toyota Land Cruiser FJ60,11700,2019-08-08,sold,13876,721,50,25,michigan,1987,fj60,145000,2F,manual,blue,https://bringatrailer.com/listing/1987-toyota-land-cruiser-fj60-33/
1984 Toyota Land Cruiser FJ60,24500,2019-07-17,sold,17927,671,70,43,oregon,1984,fj60,128000,2F,manual,tan,https://bringatrailer.com/listing/1984-toyota-land-cruiser-fj60-27/
Modified 1985 Toyota Land Cruiser FJ60,12750,2019-07-15,sold,22797,574,81,27,texas,1985,fj60,305000,Other(Swapped),manual,tan,https://bringatrailer.com/listing/1985-toyota-land-cruiser-fj60-21/
1985 Toyota Land Cruiser FJ60,36000,2019-07-12,sold,24951,666,99,7,california,1985,fj60,63000,2F,manual,red,https://bringatrailer.com/listing/1985-toyota-land-cruiser-fj60-30/
1987 Toyota Land Cruiser FJ60,27500,2019-07-05,reserve not met,19822,714,90,25,montana,1987,fj60,258000,2F,manual,beige,https://bringatrailer.com/listing/1987-toyota-land-cruiser-fj60-32/
1988 Toyota Land Cruiser FJ62 5-Speed,17250,2019-07-02,reserve not met,13163,683,58,29,florida,1988,fj62,175000,3F-E,manual,black,https://bringatrailer.com/listing/1988-toyota-land-cruiser-fj62-15/
No Reserve: 1988 Toyota Land Cruiser FJ62,7800,2019-06-18,sold,11120,450,38,44,california,1988,fj62,194000,3F-E,automatic,tan,https://bringatrailer.com/listing/1988-toyota-land-cruiser-fj62-20/
1989 Toyota Land Cruiser FJ62,20062,2019-06-13,sold,17618,745,88,34,california,1989,fj62,176000,3F-E,automatic,silver,https://bringatrailer.com/listing/1989-toyota-land-cruiser-fj62-24/
No Reserve: 1989 Toyota Land Cruiser FJ62,24250,2019-06-11,sold,14432,814,96,44,oregon,1989,fj62,178000,3F-E,automatic,gray,https://bringatrailer.com/listing/1989-toyota-land-cruiser-fj62-25/
1984 Toyota Land Cruiser FJ60,10600,2019-06-10,sold,15133,611,38,12,georgia,1984,fj60,211000,2F,manual,brown,https://bringatrailer.com/listing/1984-toyota-land-cruiser-fj60-26/
No Reserve: 58k-Mile 1985 Toyota Land Cruiser FJ60,55000,2019-05-31,sold,23518,750,123,42,canada,1985,fj60,58000,2F,manual,red,https://bringatrailer.com/listing/1985-toyota-land-cruiser-fj60-27/
1987 Toyota Land Cruiser FJ60,8000,2019-05-27,reserve not met,8545,398,19,5,california,1987,fj60,218000,2F,manual,brown,https://bringatrailer.com/listing/1987-toyota-land-cruiser-fj60-31/
LS-Powered 1985 Toyota Land Cruiser FJ60 5-Speed,23250,2019-05-22,reserve not met,24697,886,94,18,utah,1985,fj60,175000,Other(Swapped),manual,green,https://bringatrailer.com/listing/1985-toyota-land-cruiser-fj60-25/
1986 Toyota Land Cruiser FJ60,15750,2019-05-20,sold,9518,522,31,18,texas,1986,fj60,222000,2F,manual,white,https://bringatrailer.com/listing/1986-toyota-land-cruiser-fj60-13/
1989 Toyota Land Cruiser FJ62,9300,2019-05-13,reserve not met,15462,708,46,17,washington,1989,fj62,261000,3F-E,automatic,red,https://bringatrailer.com/listing/1989-toyota-land-cruiser-fj62-23/
No Reserve: 1987 Toyota Land Cruiser FJ60,7600,2019-05-03,sold,11979,597,38,34,pennsylvania,1987,fj60,119000,2F,manual,red,https://bringatrailer.com/listing/1987-toyota-land-cruiser-fj60-30/
57k-Mile 1989 Toyota Land Cruiser FJ62,23500,2019-05-01,sold,11629,635,69,32,washington,1989,fj62,57000,3F-E,automatic,gray,https://bringatrailer.com/listing/1989-toyota-land-cruiser-fj62-21/
1983 Toyota Land Cruiser FJ60,12500,2019-04-30,reserve not met,26024,926,88,11,texas,1983,fj60,165000,2F,manual,brown,https://bringatrailer.com/listing/1983-toyota-land-cruiser-fj60-14/
1985 Toyota Land Cruiser FJ60,16500,2019-04-19,sold,12832,639,80,45,idaho,1985,fj60,207000,2F,manual,blue,https://bringatrailer.com/listing/1985-toyota-land-cruiser-fj60-23/
1988 Toyota Land Cruiser FJ62,17750,2019-04-09,sold,14761,743,90,39,texas,1988,fj62,213000,3F-E,automatic,blue,https://bringatrailer.com/listing/1988-toyota-land-cruiser-fj62-14/
1989 Toyota Land Cruiser HJ61,17000,2019-03-01,sold,17206,419,76,19,idaho,1989,hj61,167000,12H-T,automatic,silver,https://bringatrailer.com/listing/1989-toyota-land-cruiser-5/
1984 Toyota Land Cruiser FJ60,13000,2019-02-21,reserve not met,21294,618,56,23,texas,1984,fj60,202000,2F,manual,brown,https://bringatrailer.com/listing/1984-toyota-land-cruiser-fj60-22/
1982 Toyota Land Cruiser FJ60,10000,2019-02-18,reserve not met,16058,659,75,30,arizona,1982,fj60,223000,2F,manual,,https://bringatrailer.com/listing/1982-toyota-fj60-land-cruiser-wagon/
1987 Toyota Land Cruiser FJ60,17000,2019-02-11,reserve not met,14351,679,46,32,florida,1987,fj60,108000,2F,manual,,https://bringatrailer.com/listing/1987-toyota-land-cruiser-fj60-23/
1986 Toyota Land Cruiser FJ60,16000,2019-01-29,reserve not met,12427,526,73,26,colorado,1986,fj60,156000,2F,manual,white,https://bringatrailer.com/listing/1986-toyota-land-cruiser-fj60-10/
1987 Toyota Land Cruiser FJ60,21250,2019-01-22,sold,13270,531,113,28,alabama,1987,fj60,146000,2F,manual,red,https://bringatrailer.com/listing/1987-toyota-land-cruiser-fj60-20/
1988 Toyota Land Cruiser FJ62,15000,2019-01-11,sold,11624,444,33,14,new mexico,1988,fj62,242000,3F-E,automatic,white,https://bringatrailer.com/listing/1988-toyota-land-cruiser-fj62-6/
1984 Toyota Land Cruiser FJ60 5-Speed,20000,2019-01-07,sold,24357,658,55,11,missouri,1984,fj60,233000,2F,manual,white,https://bringatrailer.com/listing/1984-toyota-land-cruiser-fj60-19/
V8-Powered 1988 Toyota Land Cruiser FJ62,8500,2019-01-04,reserve not met,22781,578,48,5,new york,1988,fj62,2000,Other(Swapped),automatic,gray,https://bringatrailer.com/listing/1988-toyota-land-cruiser-fj62-10/
1984 Toyota Land Cruiser FJ60,17500,2018-12-31,reserve not met,19271,752,59,36,montana,1984,fj60,114000,2F,manual,brown,https://bringatrailer.com/listing/1984-toyota-land-cruiser-fj60-20/
1987 Toyota Land Cruiser FJ60,10500,2018-12-28,sold,17482,583,42,24,district of,1987,fj60,174000,2F,manual,gray,https://bringatrailer.com/listing/1987-toyota-land-cruiser-fj60-19/
1986 Toyota Land Cruiser FJ60,31000,2018-12-21,sold,18506,529,143,33,texas,1986,fj60,193000,2F,manual,red,https://bringatrailer.com/listing/1986-toyota-land-cruiser-5/
1985 Toyota Land Cruiser FJ60,22000,2018-12-12,sold,21152,793,112,42,montana,1985,fj60,91000,2F,manual,white,https://bringatrailer.com/listing/1985-toyota-land-cruiser-fj60-17/
1988 Toyota Land Cruiser FJ62,14000,2018-12-07,reserve not met,12450,592,52,10,california,1988,fj62,234000,3F-E,automatic,beige,https://bringatrailer.com/listing/1988-toyota-land-cruiser-fj62-8/
1989 Toyota Land Cruiser FJ62 5-Speed,23000,2018-12-04,sold,46081,1137,125,26,north carolina,1989,fj62,141795,3F-E,manual,green,https://bringatrailer.com/listing/1989-toyota-land-cruiser-fj62-18/
V8-Powered 1981 Toyota Land Cruiser FJ60,16000,2018-11-29,reserve not met,14634,669,53,30,utah,1981,fj60,190000,Other(Swapped),automatic,,https://bringatrailer.com/listing/1981-toyota-land-cruiser-fj60-2/
No Reserve: 1985 Toyota Land Cruiser HJ60 5-Speed,15750,2018-11-20,sold,14236,451,39,24,south carolina,1985,hj60,85000,2H,manual,beige,https://bringatrailer.com/listing/1985-toyota-land-cruiser-hj60/
1983 Toyota Land Cruiser FJ60,30275,2018-11-07,sold,17145,530,72,18,texas,1983,fj60,133000,2F,manual,brown,https://bringatrailer.com/listing/1983-toyota-land-cruiser-fj60-9/
1988 Toyota Land Cruiser FJ62,14500,2018-11-01,sold,13165,501,37,20,oregon,1988,fj62,215397,3F-E,automatic,gray,https://bringatrailer.com/listing/1988-toyota-land-cruiser-fj62-2/
1987 Toyota Land Cruiser FJ60,11750,2018-10-31,reserve not met,9017,392,17,11,arkansas,1987,fj60,201000,2H,manual,brown,https://bringatrailer.com/listing/1987-toyota-land-cruiser-fj60-6/
1983 Toyota Land Cruiser FJ60,34000,2018-10-25,sold,21904,813,80,38,california,1983,fj60,91000,2F,manual,blue,https://bringatrailer.com/listing/1983-toyota-land-cruiser-fj60-8/
1987 Toyota Land Cruiser FJ60,11250,2018-10-24,reserve not met,16114,695,65,32,texas,1987,fj60,161000,2F,manual,beige,https://bringatrailer.com/listing/1987-toyota-land-cruiser-fj60-16/
1989 Toyota Land Cruiser,8290,2018-10-24,reserve not met,9259,464,17,10,oregon,1989,fj62,187000,3F-E,automatic,white,https://bringatrailer.com/listing/1989-toyota-land-cruiser-7/
Original-Owner 1988 Toyota Land Cruiser FJ62,22500,2018-10-15,sold,13245,473,39,16,oregon,1988,fj62,185000,3F-E,automatic,gray,https://bringatrailer.com/listing/1988-toyota-land-cruiser-fj62-4/
1987 Toyota Land Cruiser FJ60,15500,2018-10-08,sold,10945,491,90,27,california,1987,fj60,161000,2F,manual,,https://bringatrailer.com/listing/1987-toyota-land-cruiser-fj60-14/
1990 Toyota Land Cruiser FJ62,23000,2018-09-26,sold,13896,462,54,14,texas,1990,fj62,207000,3F-E,automatic,,https://bringatrailer.com/listing/1990-toyota-land-cruiser-11/
103k-Mile 1990 Toyota Land Cruiser FJ62,22000,2018-09-20,sold,9886,506,31,18,texas,1990,fj62,103000,3F-E,automatic,,https://bringatrailer.com/listing/1990-toyota-land-cruiser-fj62-11/
1987 Toyota Land Cruiser FJ60,16500,2018-09-19,reserve not met,12064,529,73,6,missouri,1987,fj60,192000,2F,manual,beige,https://bringatrailer.com/listing/1987-toyota-land-cruiser-fj60-13/
1984 Toyota Land Cruiser FJ60,37500,2018-09-06,sold,14830,527,70,25,california,1984,fj60,97000,2F,manual,tan,https://bringatrailer.com/listing/1984-toyota-land-cruiser-fj60-15/
1988 Toyota Land Cruiser,13750,2018-09-05,reserve not met,15513,618,19,24,north carolina,1988,fj62,197000,3F-E,automatic,gray,https://bringatrailer.com/listing/1988-toyota-land-cruiser-19/
1988 Toyota Land Cruiser FJ62,18250,2018-09-03,reserve not met,8173,398,22,7,iowa,1988,fj62,170700,3F-E,automatic,,https://bringatrailer.com/listing/1988-toyota-land-cruiser-fj62/
No Reserve: 1989 Toyota Land Cruiser FJ62,14000,2018-08-29,sold,13538,531,35,15,alabama,1989,fj62,231000,3F-E,automatic,beige,https://bringatrailer.com/listing/1989-toyota-land-cruiser-fj62-14/
1989 Toyota Land Cruiser FJ62,12000,2018-08-16,sold,11448,433,50,20,texas,1989,fj62,294000,3F-E,automatic,,https://bringatrailer.com/listing/1989-toyota-land-cruiser-fj62-12/
1990 Toyota Land Cruiser FJ62,27500,2018-07-26,sold,16361,528,93,10,texas,1990,fj62,157000,3F-E,automatic,red,https://bringatrailer.com/listing/1990-toyota-land-cruiser-fj62-10/
1983 Toyota Land Cruiser FJ60,23000,2018-07-18,sold,24755,720,105,25,tennessee,1983,fj60,236000,2F,manual,beige,https://bringatrailer.com/listing/1983-toyota-land-cruiser-fj60-5/
1986 Toyota Land Cruiser FJ60,24250,2018-06-13,sold,14228,566,52,32,california,1986,fj60,193000,2F,manual,,https://bringatrailer.com/listing/1986-toyota-land-cruiser-fj60-6/
1987 Toyota Land Cruiser FJ60,11000,2018-06-06,sold,10323,400,37,7,oregon,1987,fj60,142000,2F,manual,red,https://bringatrailer.com/listing/1987-toyota-land-cruiser-fj60-11/
No Reserve: 1990 Toyota Land Cruiser FJ62,9976,2018-05-16,sold,12778,480,34,8,colorado,1990,fj62,260900,3F-E,automatic,white,https://bringatrailer.com/listing/1990-toyota-land-cruiser-hj75-troop-carrier/
1983 Toyota Land Cruiser FJ60,13750,2018-05-09,reserve not met,15540,604,41,23,massachusetts,1983,fj60,177268,2F,manual,white,https://bringatrailer.com/listing/1983-toyota-land-cruiser-fj60-4/
1987 Toyota Land Cruiser FJ60,7100,2018-04-27,reserve not met,15919,493,24,8,south dakota,1987,fj60,218000,2F,manual,silver,https://bringatrailer.com/listing/1987-toyota-land-cruiser-fj60-12/
No Reserve: 1990 Toyota Land Cruiser FJ62,9100,2018-04-26,sold,13899,525,37,28,california,1990,fj62,333446,3F-E,automatic,,https://bringatrailer.com/listing/1990-toyota-land-cruiser-fj62-5/
1990 Toyota Land Cruiser FJ62,15785,2018-04-05,sold,15359,531,26,19,california,1990,fj62,201000,3F-E,automatic,white,https://bringatrailer.com/listing/1990-toyota-land-cruiser-fj62-7/
1988 Toyota Land Cruiser FJ62,13250,2018-02-23,sold,20386,425,31,20,mississippi,1988,fj62,208160,3F-E,automatic,white,https://bringatrailer.com/listing/1988-toyota-land-cruiser-14/
1984 Toyota Land Cruiser FJ60,8500,2018-02-20,reserve not met,22217,506,93,11,florida,1984,fj60,173000,2F,manual,white,https://bringatrailer.com/listing/1984-toyota-land-cruiser-fj60-11/
1987 Toyota Land Cruiser FJ60,12250,2018-02-05,sold,13184,397,22,16,california,1987,fj60,227171,2F,manual,white,https://bringatrailer.com/listing/1987-toyota-land-cruiser-fj60-9/
1988 Toyota Land Cruiser FJ62,21900,2018-01-22,sold,22438,570,59,43,california,1988,fj62,168000,3F-E,automatic,gray,https://bringatrailer.com/listing/1988-toyota-land-cruiser-13/
No Reserve: 1987 Toyota Land Cruiser FJ60,11650,2018-01-18,sold,16622,476,31,11,oregon,1987,fj60,201875,2F,manual,,https://bringatrailer.com/listing/1987-toyota-land-cruiser-fj60-8/
1985 Toyota Land Cruiser FJ60,18855,2017-12-27,sold,23504,527,75,37,maine,1985,fj60,190471,2F,manual,,https://bringatrailer.com/listing/1985-toyota-land-cruiser-fj60-9/
1985 Toyota Land Cruiser FJ60 5-Speed,9700,2017-11-21,reserve not met,18688,337,54,14,colorado,1985,fj60,385828,2H,manual,beige,https://bringatrailer.com/listing/1985-toyota-land-cruiser-fj60-7/
1988 Toyota Land Cruiser FJ62,4500,2017-11-15,reserve not met,15593,358,49,12,montana,1988,fj62,190000,3F-E,automatic,gray,https://bringatrailer.com/listing/1988-toyota-land-cruiser-fj62-3/
1982 Toyota Land Cruiser FJ60,12600,2017-11-07,sold,12859,423,33,16,california,1982,fj60,187366,2F,manual,,https://bringatrailer.com/listing/1982-toyota-fj60/
1987 Toyota Land Cruiser FJ60,13000,2017-10-31,sold,16552,394,61,19,canada,1987,fj60,220000,2F,manual,gray,https://bringatrailer.com/listing/1987-toyota-land-cruiser-fj60-7/
1985 Toyota Land Cruiser FJ60 4-Speed,11000,2017-09-28,sold,14071,362,42,24,missouri,1985,fj60,191752,2F,manual,,https://bringatrailer.com/listing/1985-toyota-land-cruiser-fj60-6/
V8-Powered 1985 Toyota Land Cruiser FJ60 5-Speed,18500,2017-09-05,sold,30835,527,66,19,california,1985,fj60,197000,Other(Swapped),manual,red,https://bringatrailer.com/listing/1985-toyota-land-cruiser-fj60-5/
1983 Toyota Land Cruiser FJ60,19750,2017-08-29,sold,18687,313,48,11,florida,1983,fj60,119000,2F,manual,beige,https://bringatrailer.com/listing/1983-toyota-land-cruiser-fj60-2/
No Reserve: 1984 Toyota Land Cruiser FJ60,5300,2017-08-25,sold,21597,400,41,11,michigan,1984,fj60,153700,2F,manual,,https://bringatrailer.com/listing/1984-toyota-land-cruiser-fj60-4/
V8-Powered 1982 Toyota Land Cruiser FJ60 5-Speed,9000,2017-08-22,reserve not met,15475,369,62,12,california,1982,fj60,248000,Other(Swapped),manual,,https://bringatrailer.com/listing/1982-toyota-fj-60-land-cruiser/
1990 Toyota Land Cruiser FJ62,17500,2017-08-18,sold,29883,480,35,33,new jersey,1990,fj62,112000,3F-E,automatic,gray,https://bringatrailer.com/listing/1990-toyota-land-cruiser-fj62-2/
1989 Toyota Land Cruiser HJ61,10000,2017-08-15,reserve not met,22061,314,44,27,new york,1989,hj61,144881,12H-T,automatic,gray,https://bringatrailer.com/listing/1989-toyota-land-cruiser-3/
1989 Toyota Land Cruiser FJ62,16500,2017-06-29,sold,21398,331,88,37,california,1989,fj62,227657,3F-E,automatic,white,https://bringatrailer.com/listing/1989-toyota-land-cruiser-fj62-5/
1987 Toyota Land Cruiser FJ60,7750,2017-06-06,sold,14644,239,34,31,illinois,1987,fj60,337000,2F,manual,white,https://bringatrailer.com/listing/1987-toyota-land-cruiser-fj60/
1984 Toyota Land Cruiser FJ60 4-Speed,9000,2017-05-30,sold,11553,242,33,35,oregon,1984,fj60,218000,2F,manual,beige,https://bringatrailer.com/listing/1984-toyota-land-cruiser-fj60-3/
1988 Toyota Land Cruiser FJ62,8600,2017-05-24,sold,18539,258,40,26,california,1988,fj62,267175,3F-E,automatic,blue,https://bringatrailer.com/listing/1988-toyota-land-cruiser-6/
No Reserve: 1987 Toyota Land Cruiser FJ60 4-Speed,8400,2017-05-23,sold,14713,302,49,35,nevada,1987,fj60,147000,2F,manual,white,https://bringatrailer.com/listing/1987-toyota-land-cruiser-fj60-4/
1987 Toyota Land Cruiser FJ60,18500,2017-05-09,sold,25473,312,74,30,california,1987,fj60,211025,2F,manual,gray,https://bringatrailer.com/listing/1987-toyota-land-cruiser-fj60-3/
1987 Toyota Land Cruiser FJ60,36250,2017-05-04,reserve not met,24775,302,94,27,minnesota,1987,fj60,37689,2F,manual,white,https://bringatrailer.com/listing/1987-toyota-land-cruiser-fj60-2/
27K-Mile 1989 Toyota Land Cruiser FJ62,55000,2017-04-20,reserve not met,43441,333,216,27,alabama,1989,fj62,26834,3F-E,automatic,white,https://bringatrailer.com/listing/1989-toyota-land-cruiser-fj62-3/
1986 Toyota Land Cruiser FJ60,15750,2017-04-05,sold,16561,236,25,14,california,1986,fj60,193100,Other(Swapped),manual,white,https://bringatrailer.com/listing/1986-toyota-land-cruiser-fj60-2/
